Titulo,Autor,Estilo,Entregue a,Dedicatória
A mansão Hollow  ,Agatha Christie,,,
O Silmarillion  ,J.R.R. Tolkien,,,
O detetive Parker  ,Agatha Christie,,,
Assassinato no expresso oriente  ,Agatha Christie,,,
Treze a mesa  ,Agatha Christie,,,
A morte da Sra. Mcginty  ,Agatha Christie  ,,,
Dom Casmurro  ,Machado de Assis,,,
Quincas Borba ,Machado de Assis 2,,,
A chave da sciencia  ,Henrique de Parville,Curiosidades,,
Doin  livro dos primeiros socorros,,Curiosidades,,
Juracy Cançado,,Curiosidades,,x
Indicador telefônico de Pernambuco de 1942  The Telephone Company of Pernambuco Ltd. ,,Curiosidades,,
501 Desastres mais devastadores de todos os tempos  ,Lafonte ,Curiosidades,,
501 Eventos que merecem ser conhecidos  ,Lafonte ,Curiosidades,,
Por dentro da Gestapo  ,Rupert Butler ,Curiosidades,,
O que as mulheres conversam no banheiro  ,Rosângela Ojuara,Curiosidades,,
O fim do Brasil  ,Felipe Miranda,Curiosidades,,x
Homens são de Marte Mulheres são de Vênus  08,John Gray, pH.D,Curiosidades,,
Guia politicamente incorreto da história do Brasil  ,Leandro Narloch,Curiosidades,,x
Guia politicamente incorreto da América Latina  ,Leandro Narloch e Duda Teixeira,Curiosidades,,x
Guia politicamente incorreto da economia brasileira  ,Leandro Narloch,Curiosidades,,x
Os novos vingadores  O cerco  Brian Michael Bendis  ,Brian Hitch,Curiosidades,,x
Mundo de vingadores ,Hickmann Opena Kubert,Curiosidades,,x
História bem humorada de Pernambuco ,Graça Ataíde,Pernambucanidade ,,
Pernambucanide  ,Nilo Pereira,Pernambucanidade ,,
Maurício de Nassau feitos e farsas,Everaldo Moreira Veras,Pernambucanidade ,,
Tabocas e Casa forte    ,Everaldo Moreira Veras,Pernambucanidade ,,
Dom Casmurro ,Machado de Assis,Literatura brasileira,,
Quincas Borba,Machado de Assis,Literatura brasileira,,
Helena ,Machado de Assis,Literatura brasileira,,
Picasso  grandes mestres,,Artes,,
Michelangelo  grandes mestres 2,,Artes,,
Filosofando  introdução a filosofia ,Maria L de A Aranha,  Maria H P Martins,Filosofia,,
Iniciação a história da filosofia  dos préSocráticos a Wittgenstein ,Danilo Marcondes ,Filosofia,,
Introdução a filosofia , B. Mondin,Filosofia,,
A história do mundo para quem tem pressa  ,Emma Marriot,História,,
E foi assim que a cobra fumou , Elza Cansanção,História,,
História Geral , Florival Cáceres,História,,
História do mundo para leigos , Peter Haugen,História,,
A história da primeira guerra mundial  19141918  IV Volumes:  A deflagração  ,David Stevenson,História,,
A história da primeira guerra mundial  19141918  IV Volumes: A escalada,David Stevenson,História,,
A história da primeira guerra mundial  19141918  IV Volumes: As consequências,David Stevenson,História,,
A história da primeira guerra mundial  19141918  IV Volumes: O legado,David Stevenson,História,,
Segunda guerra mundial  ,Dimas da Cruz Oliveira.,História,,
Stalingrado   A resistência heróica que destruiu o sonho de Hitler dominar o mundo,Rupert Matthews,História,,
O quarteto de Alexandria, 1: Justine,Lawrence Durrel ,História,,
O quarteto de Alexandria, 2: Balthazar,Lawrence Durrel ,História,,
O quarteto de Alexandria, 3: Mountolive ,Lawrence Durrel ,História,,
O quarteto de Alexandria, 4: Darrel Clea,Lawrence Durrel ,História,,
Amsterdã seu guia passo a passo,,Guias de turismo,,
Argentina,,Guias de turismo,,
Arte e história de Praga,,Guias de turismo,,
El convento de Strahov  Praga,,Guias de turismo,,
Caribbean,,Guias de turismo,,
Coimbra patrimônio da humanidade,,Guias de turismo,,
Espanha,,Guias de turismo,,
Istambul,,Guias de turismo,,
Istambul com mapa destacável,,Guias de turismo,,
Itália,,Guias de turismo,,
Londres,,Guias de turismo,,
Madri,,Guias de turismo,,
501 Ilhas imperdíveis,,Guias de turismo,,
New Zeland,,Guias de turismo,,
The Philippines ,,Guias de turismo,,
Viajar é ótimo, e melhor pela Europa  ,Oscar Coutinho  ,Guias de turismo,,
Sul da África,,Guias de turismo,,
Portugal,,Guias de turismo,,
Colômbia,,Guias de turismo,,
Marrocos,,Guias de turismo,,
Peru,,Guias de turismo,,
Nova York,,Guias de turismo,,
Guia de viagem de Nova York,,Guias de turismo,,
Orlando 2018,,Guias de turismo,,
Descubra os Estados Unidos,,Guias de turismo,,
Descubra a Califórnia,,Guias de turismo,,
Descubra Londres,,Guias de turismo,,
Descubra Paris,,Guias de turismo,,
Guia de viagem de Veneza ,,Guias de turismo,,
Guia de conversação e turco 30,,Guias de turismo,,
A filosofia de o símbolo perdido,Thomas R. Beyer,Religiosos,,
A necessidade da oração  ,Edward M. Bounds,Religiosos,,
A guerra santa  ,John Bunyan,Religiosos,,
Atlas bíblico , Yohanan Aharoni, Michael Aviyonah, Anson F. Rainey,,Religiosos,,
Ze'Ev Safrai,,Religiosos,,
Confissão de fé batista de 1689,,Religiosos,,
Cristianismo puro e simples  ,C.S.Lewis,Religiosos,,
Escatologia  ,Millard J. Ericson,Religiosos,,
Em busca de Deus  ,John Piper,Religiosos,,
Israel em abril  ,Érico Veríssimo,Religiosos,,
Israel e seus vizinhos  ,Alexandre Lissovsky,Religiosos,,
O obstinado amor de Deus  ,Brennan Manning,Religiosos,,
Realidades de Israel,,Religiosos,,
Seu nome é Jesus  ,Max Lucado,Religiosos,,
Nas garras da graça  ,Max Lucado,Religiosos,,
Homens comuns com potencial extraordinário  ,T.D. Jakes,Religiosos,,
Não desanime  Jesus está no controle ,Hernandes Dias Lopes,Religiosos,,
Romanos introdução e comentário ,F.F. Bruce,Religiosos,,
Uma nova vida, e agora? ,Charles Brock ,Religiosos,,x
As cinco linguagens do perdão  ,Gary Chapman, Jennifer M. Thomas,Religiosos,,
O namoro e noivado que Deus sempre quis  ,Alexandre Mendes & David Merkh,Religiosos,,
Orando em família ,,Religiosos,,
O peso da gloria  ,C.S. Lewis ,Religiosos,,
Reflexões cristãs ,C.S. Lewis ,Religiosos,,
Vida discipular  ,Avert T. Willis, JR.,Religiosos,,x
Passo a passo pelo Antigo Testamento , Wailon Bailey & Tom Hudson ,Religiosos,,
Capacitação cristã Introdução á Bíblia,,Religiosos,,
Teologia sistemática, histórica e filosófica  ,Alister E. McGrath ,Religiosos,,
Médico de homens e almas a história de são Lucas,Taylor Caldwell,Religiosos,,
Garra  o poder da paixão e da perseverança ,Angela Duckwort ,Religiosos,,
Batalhas na Bíblia 1.400 a.C  73 d.C ,Martin J. Dougherty, Michael E. Haskew e Rob S. Rice,Religiosos,,
Cristãos secretos: o que acontece quando um muçulmano se converte, Irmão André e Al Janssen ,Religiosos,,
Uma história de perdão e cura  ,Stormie  ,Religiosos,,
Cristão contagiante  ,Bill Hibels, Mark Mittelberg,Religiosos,,
Bíblia de estudo plenitude,,Religiosos,,
Bíblia da escola bíblica  ,Sociedade Bíblica do Brasil ,Religiosos,,
Bíblia com ajudas adicionais,,Religiosos,,
Bíblia batismo  04/06/2.000,,Religiosos,,
New American Standard Bible,,Religiosos,,
Bíblia  03/11/1995,,Religiosos,,
O novo testamento ilustrado 20/09/1992  Tia Márcia,,Religiosos,,
Hinário para o culto cristão ,,Religiosos,,
Uma vida com propósitos  ,Rick Warren ,Religiosos,,
Multiplique  ,Francis Chan,Religiosos,,x
A razão da minha esperança  ,Billy Graham ,Religiosos,,
Gloriosas ruínas :  o caminho bíblico para a restauração,Sérgio Queiroz ,Religiosos,,
Segueme  vivendo seus valores cristãos  ,Ralph W. Neighbour, JR.,Religiosos,,
As mensagens nas Epístolas aos Coríntios 1 e 2  24/04/2011 ,Israel Belo de Azevedo,Religiosos,,x
Sinais de esperança  ,Alejandro Bullón,Religiosos,,
Sigame  ,David Platt,Religiosos,,
Simplifique  ,Bill Hibels ,Religiosos,,
Lutando contra a incredulidade  ,John Piper,Religiosos,,
Canção da liberdade  ,Helen Berhane & Emma Newrick ,Religiosos,,
I,II e III João  ,John R. W. Stott ,Religiosos,,
Viva com esperança  ,Mark Finley, Peter Landless ,Religiosos,,
Um mês para viver , Kerry & Chris Shook ,Religiosos,,
Deus e a cabana  ,Roger E. Olson,Religiosos,,
A grande esperança  ,Ellen G. White,Religiosos,,
O grande conflito ,Ellen G. White,Religiosos,,
O contrabandista de Deus , Irmão André e John e Elizabeth Sherrill ,Religiosos,,
Tempo com Deus,,Religiosos,,
Presente diário,Convenção Batista de Pernambuco,Religiosos,,
A cidade antiga   ,Fustel de Coulanges,Religiosos,,
Você vai sair dessa  ,Max Lucado ,Religiosos,,
Os mistérios da maçonaria, William Morgan,Religiosos,,
Dicionário de português Portugal,,Dicionário/Gramática ,,
Schifaizfavoire  ,Mário Prata,Dicionário/Gramática ,,
Pernambuquês , Bertrando Bernardino,Dicionário/Gramática ,,
Linux  guia prático,Carlos E. Morimoto,Informática:,,x
Academia pernambucana de Letras Fátima Quintas,,Achados ,,x
A queda de Gondolin  2, J.R.R. Tolkien,Achados ,,
Anuário de franquias 2017/2018 mais de 1.000 franquias,,Investimentos,,x
Boas maneiras sucesso nos negócios ,Célia Ribeiro*,Investimentos,,
Como ficar rico comprando imóveis em leilões  ,Leonardo Schulmann,Investimentos,,x
Uma breve história da riqueza  ,William J. Bernstein,Investimentos,,x
Aprenda a investir em bolsa de valores ,Valmique Alves Figueiredo,Investimentos,,x
Bemvindo à bolsa de valores   ,Marcelo C. Piazza,Investimentos,,x
Sobreviva na bolsa de valores  ,Bastter Maurício Hissa,Investimentos,,x
Investindo em opções ,Bastter Maurício Hissa,Investimentos,,x
Literatura ,,,,
A arte da guerra  ,Maquiavel,Literatura ,,x
A carta roubada  ,Edgar Allan Poe,Literatura ,,x
A cidade Antiga  ,Fustel de Coulanges,Literatura ,,x
A dama das camélias  ,Alexandre Dumas,Literatura ,,
A ilha do tesouro  2,Robert Louis Stevenson,Literatura ,,
A utopia  ,Thomas More,Literatura ,,x
Amor de perdição  ,Camilo Castelo Branco,Literatura ,,
As pupilas do senhor reitor  2,Júlio Dinis,Literatura ,,
Auto da barca do inferno ,Gil Vicente,Literatura ,,x
"As viagens ""Il Milione"" 2,Marco Polo,Literatura ,,"
Auto da compadecida  ,Ariano Suassuna,Literatura ,,
Biblioteca de ouro da literatura universal  ,Franz Kafka,Literatura ,,x
Cordel  ,Oliveira de Panelas,Literatura ,,
Divina comédia  ,Dante Alighieri,Literatura ,,
Dom Casmurro  2,Machado de Assis ,Literatura ,,
EU  2,Augusto dos Anjos,Literatura ,,
Hamlet  ,William Shakespeare,Literatura ,,x
Helena  2,Machado de Assis,Literatura ,,
Iracema/cinco minutos   2,José de Alencar ,Literatura ,,
Lucíola  r 2,José de Alenca,Literatura ,,
Memórias das casas dos mortos  ,Dostoiévski,Literatura ,,x
Motim na Baía dos ossos  s 2,Mark Burgess,Literatura ,,
Moby Dick  ,Herman Melville,Literatura ,,x
O sol é para todos  ,Harper Lee,Literatura ,,x
Noite na taverna   2,Álvares de Azevedo,Literatura ,,
Macbeth , William Shakespeare,Literatura ,,x
O pequeno príncipe    2,Antoine de SaintExupéry,Literatura ,,
O caso dos exploradores de cavernas ,Lon L. Fuller,Literatura ,,x
O contrato social  ,Jean Jaques Rousseau,Literatura ,,x
O mágico de OZ   2,L. Frank Baum,Literatura ,,
Os três mosqueteiros  ,Alexandre Dumas,Literatura ,,
Política ,Aristóteles,Literatura ,,
Quincas Borba  ,Machado de Assis ,Literatura ,,
Sexo na cabeça  ,Veríssimo ,Literatura ,,
Kama Sutra  ,Vatsyayana,Literatura ,,
Robinson Crusoé  ,Daniel Defoe ,Literatura ,,
Noites brancasi2,Fiódor Dostoiévsk,Literatura ,,
Vinte mil léguas submarinas  2 ,Júlio Verne ,Literatura ,,
A desobediência civil   2,Henry David Tboreau,Direito,,x
Arbitragem Comercial Internacional  2,Irineu Strenger,Direito,,
A Era dos direitos  2,Norberto Bobbio ,Direito,,
A faculdade de direito do Recife    1927 / 1977 2,Nilo Pereira,Direito,,
Nilo Pereira prefácio de Gilberto Freire 2,,Direito,,
A faculdade sitiada  2,Ana Maria Cesar,Direito,,
A luta pelo direito  2,Rudolf Born Ihering,Direito,,
Batalhas Medievais  .,Kelly Devries,Direito,,
Constituition of the federative republic of Brazil  1988. 2,,Direito,,
Correções ao individualismo jurídico  2,Luiz Delgado,Direito,,
Curso de direito internacional público  2,Celso D. De Albuquerque Mello,Direito,,
Curso de direito privado da navegação  direito marítimo Vol. I 2,J. C. Sampaio de Lacerda.,Direito,,
Dicionário de brocardos jurídicos ,Dirceu A. Victor Rodrigues. 2,Direito,,
Direito Civil parte geral ,Carlos Alberto Gonçalves,Direito,,
Direito Civil questões comentadas  CESPE,,Direito,,
Direito internacional privado  parte geral ,Jacob Dolinger,Direito,,
Dos delitos e das penas ,Beccaria,Direito,,x
Elementos de teoria geral ,Dalmo de Abreu Dallari.,Direito,,
Instituições do direito Civil  Volume I,Caio Mário da Silva Pereira ,Direito,,
Instituições do direito Civil  Volume II,Caio Mário da Silva Pereira ,Direito,,
Instituições do direito Civil  Volume III,Caio Mário da Silva Pereira ,Direito,,
Instituições do direito Civil  Volume IV,Caio Mário da Silva Pereira ,Direito,,
Instituições do direito Civil  Volume VI,Caio Mário da Silva Pereira ,Direito,,
Introdução ao estudo do direito  ,Jacy de Souza Mendonça.,Direito,,
Introdução ao estudo do direito  ,Tércio Sampaio,Direito,,
Legislação tributária do Recife  .,Oswaldo Morais Filho,Direito,,
Lições preliminares de direito  ,Miguel Reale.,Direito,,
Novo código de processo Civil  ESA  Lei n° 13.105.,,Direito,,
O advogado   2,Henry Robert.,Direito,,x
Revista Acadêmica da Faculdade de Direito do Recife anno 1892.,,Direito,,
Resumo de direito Civil ,Maximilianus Cláudio Américo Führer,Direito,,
Temas de direitos difusos   2,Gustavo Henrique Araujo de Melo e Silva e outros/Coordenação do prof. Leônio José Alves da Silva,Direito,,x
Teoria da norma jurídica  2,Tércio Sampaio Ferraz Jr,Direito,,
Teoria geral das normas 2,Hans Kelsen,Direito,,x
Vigiar e punir 2,Michel Foucault,Direito,,
Revista Acadêmica  LXXIII 1986.,,Direito,,
De onde se pode ver o invisível,Inaldo Tenório de M. Cavalcanti:,Livros de amigos,,
Antologia poetas da Capunga,Inaldo Tenório de M. Cavalcanti:,Livros de amigos,,
Guardados,Inaldo Tenório de M. Cavalcanti:,Livros de amigos,,
Paisagem da janela,Inaldo Tenório de M. Cavalcanti:,Livros de amigos,,
O colecionador de cavalos,Inaldo Tenório de M. Cavalcanti:,Livros de amigos,,
Meu pai e outros contos,Inaldo Tenório de M. Cavalcanti:,Livros de amigos,,
Garimpando pensamentos pelas ruas de minha cidade,Araquém de Melo:,Livros de amigos,,
Um detalhe em H,Fernando Mendonça:,Livros de amigos,,
Antologia Capunga 90 anos  Fernando Mendonça/Leny Amorim,Fernando Mendonça:,Livros de amigos,,
Ange Pitou tome I,,Francês,,
Ange Pitou tome II,,Francês,,
La Tulipe noire  ,Alexandre Dumas,Francês,,
Le Conte de montecristo ,Alexandre Dumas,Francês,,
Carmen  ,Prosper Mérimée,Francês,,
Drácula  ,Bram Stoker,Francês,,
La Bataille ,Claude Farr?re,Francês,,
La chartreuse de Parme  ,Stendhal,Francês,,
La Comtesse de Charny tome I,,Francês,,
La Comtesse de Charny tome II,,Francês,,
La Comtesse de Charny tome III,,Francês,,
La Comtesse de Charny tome IV,,Francês,,
La Comtesse de Charny tome V,,Francês,,
La Comtesse de Charny tome VI,,Francês,,
Le Collier de la Reine tome I,,Francês,,
Le Collier de la Reine tome II,,Francês,,
Le Collier de la Reine tome III,,Francês,,
La Condition Humaine  ,André Malraux,Francês,,
L'Education Sentimental e  ,Gustave Flaubert,Francês,,
Le Père Goriot  ,Honoré de Balzac,Francês,,
Le grand Meaulnes  ,AlainFournier,Francês,,
Les aventures de TinTin Aí pays des soviets ,Hergé,Francês,,
Les aventures de TinTin  TinTin au Congo  ,Hergé,Francês,,
Les aventures de TinTin  L'oreille Cassée  ,Hergé,Francês,,
Les aventures de TinTin  Le Lotus Bleu  ,Hergé,Francês,,
Les Cigares du Pharaon Les aventures de TinTin,,Francês,,
Les Mis?rables  ,Victor Hugo,Francês,,
L'omme Qui Assassina ,Claude Farrère,Francês,,
La Marie Du Port,Georges simenon,Francês,,
Les vens d'en face  ,Georges Simenon,Francês,,
La vie amoureuse de la Marquise de Païva ,Anne  Mariel,Francês,,
Madame Bovary  ,Gustave Flaubert,Francês,,
NotreDame de Paris  ,Victor Hugo,Francês,,
TinTin et les picaros ,Hergé,Francês,,
Petite Histoire des Expressions  . ,Gilles Henry, Marianne Tillier etc,Francês,,
L'art D'Herge  El creador de Tintín    Vol. l  1907/1937,Philippe  Goddin,Francês,,
Paul et Virginie  ,Bernardin de Saint Pierre,Francês,,
Germinal  ,?mile Zola,Francês,,
20.000 Lieues Sous les mers  ,Júlio Verne ,Francês,,
Le rouge et le noir  ,Stendhal ,Francês,,
La poupée sanglante  ,Gaston Leroux ,Francês,,
Vous avez la parole  1.000 expressões para falar Francês como um nativo , Martins Fonte,Francês,,
Le tour du Monde en 80 jours  ,Júlio Verne ,Francês,,
Gramática da língua francês Bescherelle  La grammaire pour tous  ,Nouvelle Édition,Francês,,
Dicionário  Larousse português /francês / francês/português ,,Francês,,
Cozinha Geek   ,Jeff PotterAmanda,Culinária,,
D.O.M  Redescobrindo ingredientes brasileiros ,Alex Atala,Culinária,,
O livro essencial da cozinha asiática ,H.F.  Ullmann,Culinária,,
Técnicas de confeitaria profissional,Mariana Sebess,Culinária,,
Guten appetit! A nova cozinha alemã  ,Sabine Hueck.,Culinária,,
150 Técnicas para dominar a arte culinária  ,Mark William Allison.,Culinária,,
Sobremesas e suas técnicas ,Le Gordon Bleu,Culinária,,
Escoffianas brasileiras    ,Alex Atala Com Carolina Chagas.,Culinária,,
La cocina austríaca  Los mejores platos y dulces ,Krenn,Culinária,,
Sorvetes e sorbets, a grande cozinha,,Culinária,,
Comida & cozinha  Ciência e cultura da culinária ,Harold McGee.,Culinária,,
O poder medicinal dos sucos e shakes  ,Dr. Jorge Pamplona,Culinária,,
Cozinha alemã  ,Heiko Grabolle.,Culinária,,
Dicionário do doceiro brasileiro  ,Dr. Antônio José de Souza Rego.,Culinária,,
Palmirinha  100 receitas preferidas,,Culinária,,
Sushi para leigos  ,Judi Strada e Mineko Takane Moreno.,Culinária,,
Finger Food sabor e sofisticação em miniporco?s ,André Leite,Culinária,,
Um químico na cozinha a ciência da gastronomia molecular ,Raphael Haumont.,Culinária,,
Especiarias  Uma janela para o mundo. ,,Culinária,,
Fundamentos da composição musical ,Arnold Schoenberg,Música,,
Harmonia  ,Arnold Schoenberg,Música,,
Arranjando frevo de rua  ,Marcos Ferreira Mendes,Música,,
Uma breve história da música cadernos de música da Universidade de Cambridge  ,Roy Bennett,Música,,
Notas musicais   do barroco ao jazz.,Arthur Nestrovski,Música,,
Solfejo   Musimed,Bohumil Med,Música,,
Ritmo ,Bohumil Med,Música,,
Teoria da música Edição revista e ampliada,Bohumil Med,Música,,
O dia do Chacal  ,Frederick Forsyth.,,,
A cidade antiga  ,Fustel de Coulanges.,,,
Auto da barca do inferno  ,Gil Vicente.,,,
O mínimo que você precisa saber para não ser um idiota  ,Olavo de Carvalho.,,,
A carta roubada e outras histórias de crime & mistério  ,Edgar Allan Poe.,,,
A utopia  ,Thomas More.,,,
A dama das camélias    adaptação de Carlos Heitor Conta.,Alexandre Dumas,,,
Marília de Dirceu & cartas chilenas ,,,,
Tomás Antônio Gonzaga.,,,,
O sol é para todos  ,Harper Lee.,,,
Livro dos primeiros socorros  DoIn,,,,
Ansiedade 2  ,Augusto Cury.,,,
Moby Dick  ,Herman Melville.,,,
Academia pernambucana de Letras Fátima Quintas.,,,,
Auto da compadecida ,Ariano Suassuna,,,
Um mês para viver  ,Kerry & Chris Shook.,,,
Lições preliminares de direito  ,Miguel Reale,,,
Manual de direito Civil  Flávio Tartuce.,,,,
Instituições de direito Civil    Vol. I,Caio Mário da Silva Pereira,,,
Instituições de direito Civil    Vol. II,Caio Mário da Silva Pereira,,,
Instituições de direito Civil    Vol. III,Caio Mário da Silva Pereira,,,x
Instituições de direito Civil    Vol. IV,Caio Mário da Silva Pereira,,,x
Instituições de direito Civil    Vol. V,Caio Mário da Silva Pereira,,,
Instituições de direito Civil    Vol. VI,Caio Mário da Silva Pereira,,,x
Novo código de processo Civil estudo comparativo com o código de 1973,Fredie Didier Jr. / Ravi Peixoto.,,,
Manual de direito administrativo  ,Alexandre Mazza.,,,x
Manual de direito tributário  ,Eduardo Sabbag. ,,,
Uma introdução à ciência das finanças  ,Aliomar Baleeiro ,,,
Direito econômico esquematizado ,Fabiano del Masso,,,x
A nova lei de falências e de recuperação de empresas lei n° 11.101/05  ,Paulo Penalva Santos.,,,
Resumo de direito comercial empresarial  . ,Maximilianus Cláudio Américo Führer,,,
Manual de direito do trabalho  ,Gustavo Filipe Barbosa Garcia.,,,x
Benefícios previdenciários  ,Hermes Arrais Alencar.,,,x
Manual de direito previdênciario  ,Hugo Goes.,,,
Direito previdênciario  ,Frederico Amado.,,,
Curso de direito Comercial  direito de empresa  ,Fabio Ulhôa Coelho.,,,
Curso de direito Comercial   I e II,Rubens Requião.,,,x
Direito internacional privado parte geral  ,Jacob Dolinger.,,,x
Curso de direito internacional público  ,Celso D. De Albuquerque Mello.,,,
Arbitragem Comercial Internacional,Irineu Strenger.,,,x
Curso de direito privado da navegação  direito marítimo Vol. I ,J.C. Sampaio de Lacerda,,,x
Lei dos registros públicos  Walter Ceneviva.,,,,
Lei dos notários e dos registradores  comentada  ,Walter Ceneviva.,,,
Correções ao individualismo jurídico  ,Luiz Delgado.,,,
Teoria geral das normas  ,Hans Kelsen,,,x
Direito Eleitoral  ,Ricardo Cunha Chimenti. ,,,
A Ilha do tesouro  ,Robert Louis Stevenson. ,,,
O pequeno príncipe  ,Antoine SaintExupéry .,,,
As pupilas do senhor reitor  ,Júlio Dinis.,,,
Motim na baia dos ossos  ,Mark Burgess.,,,
O mundo de Sofia  ,Jostein Gaarder,,,
O Diário de Anne Frank  ,Otto H. Frank e Mirjam Pressler.,,,
Noite na taverna  ,Álvares de Azevedo.,,,x
Amor de perdição  ,Camilo C. Branco.,,,
Robinson Cruzoé    por Werner Zotz.,Daniel Defoe,,,
"As Viagens ""Il Milion te"" ,Março Polo,,,"
Eu e outras poesias  ,Augusto dos Anjos.,,,
Noites brancas  ,Fiódor Dostoiévski,,,
O que as mulheres conversam no banheiro  ,Rosângela Ojuara,,,
Como conquistar as pessoas  ,Allan & Barbara Pease. ,,,
A linguagem dos sentimentos  ,David Viscott. ,,,
Os crimes da luz  ,Giulio Leoni. ,,,
A guerra dos tronos  As crônicas de gelo e fogo ,George R.R. Martin ,,,
O fantasma de Manhattan  ,Frederick Forsyth. ,,,
O punho de Deus  ,Frederick Forsyth,,,
 Guia prático do pôquer  ,Trevor  Sippets.,,,
Grandes civilizações do passado  França  ,John Ardagh e Colin Jones,,,
Batalhas medievais 1.000~1.500  Conflitos que marcaram uma época e mudaram a história do mundo  ,Kelly Devries, Martin Dougherty, Ian Dickie, Phillis G. Jestice e christer Jorgensen.,,,
501 Eventos que merecem ser conhecidos  ,Lafonte.,,,
501  Desastres mais devastadores de todos os tempos  ,Lafonte.,,,
Por dentro da Gestapo  ,Rupert Butler.,,,
Segunda guerra mundial  A resistência heróica que destruiu o sonho de Hitler dominar o mundo  .,Rupert Matthews,,,
Mengele o último nazista  ,Gerald Astor,,,x
A muralha da peste  ,André Brink.,,,
A história da primeira guerra mundial  A deflagração  19141918  ,David Stevenson.,,,
A história da primeira guerra mundial  A escalada  ,David Stevenson.,,,
A história da primeira guerra mundial  As consequências  .,David Stevenson,,,
A história da primeira guerra mundial  O legado  .,David Stevenson,,,
Segunda guerra mundial  Essencial Holocausto a.,Dimas da Cruz Oliveir,,,
Segunda guerra mundial  Grandes líderes  ,Dimas da Cruz Oliveira.,,,
Segunda guerra mundial  Grandes batalhas  ,Dimas da Cruz Oliveira.,,,
O quarteto de Alexandria   Justine.,Lawrence Durrel,,,
O quarteto de Alexandria   Balthazar.,Lawrence Durrel,,,
O quarteto de Alexandria   Mountolive.,Lawrence Durrel,,,
O quarteto de Alexandria   CLEA.,Lawrence Durrel,,,
Morte na Atlântida  O encontro do reino perdido uma aventura de Dirk Pitt  ,Clive Cussler.,,,
Fundação  ,Isaac Asimov.,,,
De Gaulle  O julgamento da história  pró e contra.,,,,
Fui Espião  ordenação de falsos padres na igreja do Brasil  ,Francesco Scalzotto.,,,
O homem que matou Getúlio Vargas  ,Jô Soares.,,,
Assassinatos na Academia brasileira de letras  ,Jô Soares.,,,
Israel em abril  ,Érico Veríssimo.,,,
Israel e seus vizinhos  ,Alexandre Lissovsky.,,,
Os arquivos de Anderson explosivas revelações sobre Watergate, ITT, FBI  ,Jack Anderson & George Clifford.,,,
E foi assim que a cobra fumou  ,Elza Cansanção,,,x
A filosofia de o símbolo perdido  Maçonaria, Bíblia, Física, Arte, Ciências de última geração e muito mais  ,Thomas R. Beyer.,,,
Memória da casa dos mortos  ,Fiódor Dostoiévski.,,,
Crime e castigo  Vol. I,Fiódor Dostoiévski.,,,
Crime e castigo  Vol. II Macbeth ??,Fiódor Dostoiévski.,,,
Os pensadores  ,Nicolau Maquiavel.,,,
O príncipe ,Nicolau Maquiavel.,,,
A arte da guerra  ,Nicolau Maquiavel.,,,
Política  ,Aristóteles.,,,
As Catilinárias  ,Cícero,,,x
Da República mestres pensadores.,Cícero,,,
Grandes mestres  Michelangelo.,,,,
Grandes mestres  Picasso.,,,,
A queda de Gondolin , J.R.R. Tolkien.,,,
Assassinatos de reputação  Um crime de Estado  .,Romeu Tuma Júnior,,,
Antologia escolar   Coleção marechal Trompowski  Vol. I e II*,Cel. Prof. Iguamir Antônio T. Marçal.,,,x
Livro das mil e uma noites  Ramo sírio Vol. I.,,,,
Livro das mil e uma noites  Ramo sírio  Vol. II.,,,,
Livro das mil e uma noites  Ramo egípcio  Vol. III.,,,,
Livro das mil e uma noites  Ramo egípcio mais Aladim & Ali Babá, traduzido do árabe por Mamede Mustafá Jarouche.,,,,
A sombra do vento  ,Carlos Ruiz Zafón,,,x
Os crimes do mosaico  Um Thriller de Giulio Leoni,Dante Alighieri,,,
A Farsa  ,Christopher Reich.,,,
A chave de Roseta  ,William Dietrich,,,x
O vôo da águia ,Ken Follett.,,,
Na toca do Leão ,Ken Follett.,,,
As crônicas de Nárnia  ,C.S.Lewis.,,,
Física divertida  ,Carlos Fiolhais.,,,
O Escaravelho do diabo  ,Lúcia Machado de Almeida.,,,
O Silmarillion  ,J.R.R. Tolkien.,,,
BelAmi  ,Guy de Maupassant.,,,
A velha senhora   dois assassinatos e um desafio para o comissário Jules Maigret.,Georges Simenon,,,
Conto de Natal  ,Charles Dickens.,,,
David Copperfield  ,Charles Dickens.,,,
Oliver Twist  ,Charles Dickens.,,,
As aventuras do senhor PickWick  ,Charles Dickens.,,,
As aventuras de Sherlock Holmes  Tomo II , Arthur Conan Doyle,Policial ,,
Morte na alta sociedade   2,Georges Simenon,Policial ,,
A morte no Nilo,Agatha Christie,Policial ,,
A morte nas nuvens,Agatha Christie,Policial ,,
A mansão Hollow 2,Agatha Christie,Policial ,,
A extravagância do morto,Agatha Christie,Policial ,,
A morte da Sra. Mcginty 2,Agatha Christie,Policial ,,
A terceira moça,Agatha Christie,Policial ,,
Assassinato no campo de golfe,Agatha Christie,Policial ,,
Aventura em Bagdá,Agatha Christie,Policial ,,
Assassinato na casa do pastor,Agatha Christie,Policial ,,
A testemunha ocular do crime,Agatha Christie,Policial ,,
A mão misteriosa,Agatha Christie,Policial ,,
A maldição do espelhos,Agatha Christie,Policial ,,
Assassinato no expresso oriente2,Agatha Christie,Policial ,,
Assassinato no Beco,Agatha Christie,Policial ,,
A casa torta,Agatha Christie,Policial ,,
A morte do Almirante,Agatha Christie,Policial ,,
A casa do penhasco,Agatha Christie,Policial ,,
Cai o pano Último caso de Poirot,Agatha Christie,Policial ,,
Cartas na mesa,Agatha Christie,Policial ,,
Cem gramas de centeio,Agatha Christie,Policial ,,
Cipreste triste,Agatha Christie,Policial ,,
É fácil matar,Agatha Christie,Policial ,,
Encontro com a morte,Agatha Christie,Policial ,,
Hora zero,Agatha Christie,Policial ,,
M ou N,Agatha Christie,Policial ,,
Morte na Mesopotâmia,Agatha Christie,Policial ,,
Morte da praia,Agatha Christie,Policial ,,
Morte na rua Hickory,Agatha Christie,Policial ,,
Nêmesis,Agatha Christie,Policial ,,
O mistério do trem azul,Agatha Christie,Policial ,,
O natal de Poirot,Agatha Christie,Policial ,,
O assassinato de Roger Ackroyd,Agatha Christie,Policial ,,
O homem do terno marrom,Agatha Christie,Policial ,,
Os crimes ABC,Agatha Christie,Policial ,,
O detetive Parker Pyne 2,Agatha Christie,Policial ,,
Os trabalhos de Hércules,Agatha Christie,Policial ,,
O mistério dos sete relógios,Agatha Christie,Policial ,,
O veredicto,Agatha Christie,Policial ,,
O mistério de Sittaford,Agatha Christie,Policial ,,
Os relógios,Agatha Christie,Policial ,,
Os três ratos cegos & outras histórias,Agatha Christie,Policial ,,
O cadáver atrás do biombo,Agatha Christie,Policial ,,
O caso do hotel Bertram,Agatha Christie,Policial ,,
Os primeiros casos de Poirot,Agatha Christie,Policial ,,
O clube das terçasfeiras & outras histórias,Agatha Christie,Policial ,,
Poirot perde uma cliente,Agatha Christie,Policial ,,
Punição para a inocência,Agatha Christie,Policial ,,
Passageiro para Frankfurt,Agatha Christie,Policial ,,
Poirot e o mistério da arca espanhola & outras histórias,Agatha Christie,Policial ,,
Poirot investiga,Agatha Christie,Policial ,,
Portal do destino,Agatha Christie,Policial ,,
Retorno ao assassinato,Agatha Christie,Policial ,,
Seguindo a correnteza,Agatha Christie,Policial ,,
Sócios no crime,Agatha Christie,Policial ,,
Treze à mesa 2,Agatha Christie,Policial ,,
Tragédia em três atos,Agatha Christie,Policial ,,
Testemunha de acusação,Agatha Christie,Policial ,,
Um brinde de cianureto,Agatha Christie,Policial ,,
Um destino ignorado,Agatha Christie,Policial ,,
Um crime adormecido,Agatha Christie,Policial ,,
A muralha da peste  ,André Brink,,,
A Velha Senhora  ,Georges Simenon,,,
Morte na Atlântida ,Clive Cussler,,,
Os Arquivos de Anderson ,Jack Anderson  & George Clifford,,,
Fui Espião ,Francesco Scalzotto,,,
Cícero da República Mestres pensadores,,,,
BelAmi  ,Guy de Maupassant,,,
Os pensadores  ,Maquiavel,,,
História da Ordem Internacional  ,Carlos Roberto Pellegrino,,,
Star Wars  Caminho de destruição Darth Bane,,,,
Star Wars  Dinastia do mal Darth Bane,,,,
Star Wars  Regra de dois  Darth Bane,,,,
Star Wars  Caminho da destruição Darth Bane,,,,
Star Wars  James Luceno/Darth Plagueis,,,,
Assassinato de reputações   2Um Crime de Estado  ,Romeu Tuma Jr.,,,
O Escaravelho do diabo  ,Lúcia Machado de Almeida,,,
Fundação  ,Isaac Asimov,,,
As Catilinárias  ,Cícero,,,
França  grandes civilizações do passado,,,,
Física divertida  ,Carlos Fiolhais,,,
História da Ordem Internacional   ,Carlos Roberto Pellegrino,,,
Mengele  o último nazista  ,Gerald Astor ,,,
O livro das mil e uma noites Vol. 1,2,3,4  ,Mamede Mustafá Jarouche,,,
A Farsa   ,Christopher Reich,,,
Os crimes do mosaico   um caso de Dante Alighieri,Giulio Leoni,,,
A chave de Roseta  ,William Dietrich,,,
A sombra do vento  ,Carlos Ruiz Zafón ,,,
O mundo de Sofia,Jostein Gaarder,,,
Cinco semanas em um balão  ,Júlio Verne,,,
A esfinge dos gelos  ,Júlio Verne,,,
Paris no século XX  ,Júlio Verne,,,
Na companhia de estranhos  ,Robert Wilson,,,
1808,Laurentino Gomes,,,
1822,Laurentino Gomes,,,
1889,Laurentino Gomes ,,,
O livro do Cinema ,,,,
O mínimo que você precisa saber para não ser um idiota  ,Olavo de Carvalho ,,,*
A lei da atração  ,Michael J. Losier,Conquistar:,,
A linguagem dos sentimentos  ,David Viscott.,Conquistar:,,
Como conquistar as pessoas  . 03,Allan & Barbara Pease,Conquistar:,,
